group,color,id,label,title,value
"[1959,1969]",#440154FF,1,"Glenn, John H., Jr.","<p><b>Colonel US Marine Corps Glenn, John H., Jr.</b></p><p>Flight Hours: 217</p><p></p>",14.730919862656235
"[1959,1969]",#440154FF,2,"Schirra, Walter M., Jr.","<p><b>Captain Schirra, Walter M., Jr.</b></p><p>Flight Hours: 295</p><p></p>",17.175564037317667
"[1959,1969]",#440154FF,3,"Shepard, Alan B., Jr.","<p><b>Rear Admiral Shepard, Alan B., Jr.</b></p><p>Flight Hours: 216</p><p></p>",14.696938456699069
"[1959,1969]",#440154FF,4,"Slayton, Donald K.","<p><b>Major Slayton, Donald K.</b></p><p>Flight Hours: 217</p><p></p>",14.730919862656235
"[1959,1969]",#440154FF,5,"Carpenter, M. Scott","<p><b>Commander Carpenter, M. Scott</b></p><p>Flight Hours: 4</p><p></p>",2
"[1959,1969]",#440154FF,6,"Grissom, Virgil I.","<p><b>Lieutenant Colonel Grissom, Virgil I.</b></p><p>Flight Hours: 5</p><p></p>",2.23606797749979
"[1959,1969]",#440154FF,7,"Cooper, L. Gordon, Jr.","<p><b>Colonel Cooper, L. Gordon, Jr.</b></p><p>Flight Hours: 225</p><p></p>",15
"[1959,1969]",#440154FF,8,"See, Elliot M., Jr.","<p><b> See, Elliot M., Jr.</b></p><p>Flight Hours: 0</p><p></p>",0
"[1959,1969]",#440154FF,9,"Borman, Frank","<p><b>Colonel Borman, Frank</b></p><p>Flight Hours: 477</p><p></p>",21.840329667841555
"[1959,1969]",#440154FF,10,"Lovell, James A., Jr.","<p><b>Captain Lovell, James A., Jr.</b></p><p>Flight Hours: 715</p><p></p>",26.739483914241877
"[1959,1969]",#440154FF,11,"McDivitt, James A.","<p><b>Brigadier General McDivitt, James A.</b></p><p>Flight Hours: 338</p><p></p>",18.384776310850235
"[1959,1969]",#440154FF,12,"Conrad, Charles, Jr.","<p><b>Captain Conrad, Charles, Jr.</b></p><p>Flight Hours: 1179</p><p></p>",34.336569426778794
"[1959,1969]",#440154FF,13,"Armstrong, Neil A.","<p><b> Armstrong, Neil A.</b></p><p>Flight Hours: 205</p><p></p>",14.317821063276353
"[1959,1969]",#440154FF,14,"Stafford, Thomas P.","<p><b>Lieutenant General Stafford, Thomas P.</b></p><p>Flight Hours: 507</p><p></p>",22.516660498395403
"[1959,1969]",#440154FF,15,"Young, John W.","<p><b>Captain Young, John W.</b></p><p>Flight Hours: 835</p><p></p>",28.89636655359978
"[1959,1969]",#440154FF,16,"White, Edward H., II","<p><b>Lieutenant Colonel White, Edward H., II</b></p><p>Flight Hours: 97</p><p></p>",9.848857801796104
"[1959,1969]",#440154FF,17,"Gordon, Richard F., Jr.","<p><b>Captain Gordon, Richard F., Jr.</b></p><p>Flight Hours: 315</p><p></p>",17.74823934929885
"[1959,1969]",#440154FF,18,"Aldrin, Buzz","<p><b>Colonel Aldrin, Buzz</b></p><p>Flight Hours: 289</p><p></p>",17
"[1959,1969]",#440154FF,19,"Freeman, Theodore C.","<p><b>Captain Freeman, Theodore C.</b></p><p>Flight Hours: 0</p><p></p>",0
"[1959,1969]",#440154FF,20,"Eisele, Donn F.","<p><b>Colonel Eisele, Donn F.</b></p><p>Flight Hours: 260</p><p></p>",16.1245154965971
"[1959,1969]",#440154FF,21,"Collins, Michael","<p><b>US Air Force Reserve Collins, Michael</b></p><p>Flight Hours: 266</p><p></p>",16.30950643030009
"[1959,1969]",#440154FF,22,"Bassett, Charles A., II","<p><b>Captain Bassett, Charles A., II</b></p><p>Flight Hours: 0</p><p></p>",0
"[1959,1969]",#440154FF,23,"Bean, Alan L.","<p><b>Captain Bean, Alan L.</b></p><p>Flight Hours: 1671</p><p></p>",40.87786687193939
"[1959,1969]",#440154FF,24,"Cunningham, Walter","<p><b>Colonel Cunningham, Walter</b></p><p>Flight Hours: 263</p><p></p>",16.217274740226856
"[1959,1969]",#440154FF,25,"Scott, David R.","<p><b>Colonel Scott, David R.</b></p><p>Flight Hours: 546</p><p></p>",23.366642891095847
"[1959,1969]",#440154FF,26,"Williams, Clifton C., Jr.","<p><b>Major Williams, Clifton C., Jr.</b></p><p>Flight Hours: 0</p><p></p>",0
"[1959,1969]",#440154FF,27,"Anders, William A.","<p><b>US Air Force Reserve Anders, William A.</b></p><p>Flight Hours: 147</p><p></p>",12.12435565298214
"[1959,1969]",#440154FF,28,"Cernan, Eugene A.","<p><b>Captain Cernan, Eugene A.</b></p><p>Flight Hours: 566</p><p></p>",23.790754506740637
"[1959,1969]",#440154FF,29,"Chaffee, Roger B.","<p><b>Lieutenant Commander Chaffee, Roger B.</b></p><p>Flight Hours: 0</p><p></p>",0
"[1959,1969]",#440154FF,30,"Schweickart, Russell L.","<p><b> Schweickart, Russell L.</b></p><p>Flight Hours: 241</p><p></p>",15.524174696260024
"[1959,1969]",#440154FF,31,"Garriott, Owen K.","<p><b> Garriott, Owen K.</b></p><p>Flight Hours: 1674</p><p></p>",40.91454509095757
"[1959,1969]",#440154FF,32,"Graveline, Duane E.","<p><b> Graveline, Duane E.</b></p><p>Flight Hours: 0</p><p></p>",0
"[1959,1969]",#440154FF,33,"Kerwin, Joseph P.","<p><b>Captain Kerwin, Joseph P.</b></p><p>Flight Hours: 672</p><p></p>",25.92296279363144
"[1959,1969]",#440154FF,34,"Michel, F. Curtis","<p><b> Michel, F. Curtis</b></p><p>Flight Hours: 0</p><p></p>",0
"[1959,1969]",#440154FF,35,"Schmitt, Harrison H.","<p><b> Schmitt, Harrison H.</b></p><p>Flight Hours: 301</p><p></p>",17.349351572897472
"[1959,1969]",#440154FF,36,"Gibson, Edward G.","<p><b> Gibson, Edward G.</b></p><p>Flight Hours: 2017</p><p></p>",44.91102314577124
"[1959,1969]",#440154FF,37,"Givens, Edward G., Jr.","<p><b>Major Givens, Edward G., Jr.</b></p><p>Flight Hours: 0</p><p></p>",0
"[1959,1969]",#440154FF,38,"Pogue, William R.","<p><b>Colonel Pogue, William R.</b></p><p>Flight Hours: 2017</p><p></p>",44.91102314577124
"[1959,1969]",#440154FF,39,"Irwin, James B.","<p><b>Colonel Irwin, James B.</b></p><p>Flight Hours: 295</p><p></p>",17.175564037317667
"[1959,1969]",#440154FF,40,"Lind, Don L.","<p><b> Lind, Don L.</b></p><p>Flight Hours: 168</p><p></p>",12.96148139681572
"[1959,1969]",#440154FF,41,"Mitchell, Edgar D.","<p><b>Captain Mitchell, Edgar D.</b></p><p>Flight Hours: 216</p><p></p>",14.696938456699069
"[1959,1969]",#440154FF,42,"Brand, Vance D.","<p><b> Brand, Vance D.</b></p><p>Flight Hours: 746</p><p></p>",27.313000567495326
"[1959,1969]",#440154FF,43,"Swigert, John L., Jr.","<p><b> Swigert, John L., Jr.</b></p><p>Flight Hours: 142</p><p></p>",11.916375287812984
"[1959,1969]",#440154FF,44,"Worden, Alfred M.","<p><b>Colonel Worden, Alfred M.</b></p><p>Flight Hours: 295</p><p></p>",17.175564037317667
"[1959,1969]",#440154FF,45,"Weitz, Paul J.","<p><b>Captain Weitz, Paul J.</b></p><p>Flight Hours: 793</p><p></p>",28.160255680657446
"[1959,1969]",#440154FF,46,"Carr, Gerald P.","<p><b>Colonel Carr, Gerald P.</b></p><p>Flight Hours: 2017</p><p></p>",44.91102314577124
"[1959,1969]",#440154FF,47,"Engle, Joe H.","<p><b>Major General Engle, Joe H.</b></p><p>Flight Hours: 224</p><p></p>",14.966629547095765
"[1959,1969]",#440154FF,48,"Roosa, Stuart A.","<p><b>Colonel Roosa, Stuart A.</b></p><p>Flight Hours: 216</p><p></p>",14.696938456699069
"[1959,1969]",#440154FF,49,"Evans, Ronald E.","<p><b>Captain Evans, Ronald E.</b></p><p>Flight Hours: 301</p><p></p>",17.349351572897472
"[1959,1969]",#440154FF,50,"Haise, Fred W., Jr.","<p><b> Haise, Fred W., Jr.</b></p><p>Flight Hours: 142</p><p></p>",11.916375287812984
"[1959,1969]",#440154FF,51,"Bull, John S.","<p><b> Bull, John S.</b></p><p>Flight Hours: 0</p><p></p>",0
"[1959,1969]",#440154FF,52,"Duke, Charles M., Jr.","<p><b>Brigadier General Duke, Charles M., Jr.</b></p><p>Flight Hours: 265</p><p></p>",16.278820596099706
"[1959,1969]",#440154FF,53,"Lousma, Jack R.","<p><b>Colonel Lousma, Jack R.</b></p><p>Flight Hours: 1619</p><p></p>",40.23679907746142
"[1959,1969]",#440154FF,54,"Mattingly, Thomas K., II","<p><b>Rear Admiral US Navy Mattingly, Thomas K., II</b></p><p>Flight Hours: 504</p><p></p>",22.44994432064365
"[1959,1969]",#440154FF,55,"McCandless, Bruce, II","<p><b>Captain McCandless, Bruce, II</b></p><p>Flight Hours: 312</p><p></p>",17.663521732655695
"[1959,1969]",#440154FF,56,"Henize, Karl G.","<p><b> Henize, Karl G.</b></p><p>Flight Hours: 188</p><p></p>",13.711309200802088
"[1959,1969]",#440154FF,57,"Thornton, William E.","<p><b> Thornton, William E.</b></p><p>Flight Hours: 313</p><p></p>",17.69180601295413
"[1959,1969]",#440154FF,58,"Llewellyn, John A.","<p><b> Llewellyn, John A.</b></p><p>Flight Hours: 0</p><p></p>",0
"[1959,1969]",#440154FF,59,"Chapman, Philip K.","<p><b> Chapman, Philip K.</b></p><p>Flight Hours: 0</p><p></p>",0
"[1959,1969]",#440154FF,60,"Musgrave, Story","<p><b> Musgrave, Story</b></p><p>Flight Hours: 1281</p><p></p>",35.79106033634656
"[1959,1969]",#440154FF,61,"Parker, Robert A. R.","<p><b> Parker, Robert A. R.</b></p><p>Flight Hours: 462</p><p></p>",21.494185260204677
"[1959,1969]",#440154FF,62,"Allen, Joseph P.","<p><b> Allen, Joseph P.</b></p><p>Flight Hours: 313</p><p></p>",17.69180601295413
"[1959,1969]",#440154FF,63,"Lenoir, William B.","<p><b> Lenoir, William B.</b></p><p>Flight Hours: 122</p><p></p>",11.045361017187261
"[1959,1969]",#440154FF,64,"Holmquest, Donald L.","<p><b> Holmquest, Donald L.</b></p><p>Flight Hours: 0</p><p></p>",0
"[1959,1969]",#440154FF,65,"O'Leary, Brian T.","<p><b> O'Leary, Brian T.</b></p><p>Flight Hours: 0</p><p></p>",0
"[1959,1969]",#440154FF,66,"England, Anthony W.","<p><b> England, Anthony W.</b></p><p>Flight Hours: 190</p><p></p>",13.784048752090222
"[1959,1969]",#440154FF,67,"Peterson, Donald H.","<p><b>Colonel Peterson, Donald H.</b></p><p>Flight Hours: 120</p><p></p>",10.954451150103322
"[1959,1969]",#440154FF,68,"Hartsfield, Henry W., Jr.","<p><b>Colonel Hartsfield, Henry W., Jr.</b></p><p>Flight Hours: 482</p><p></p>",21.95449840010015
"[1959,1969]",#440154FF,69,"Overmyer, Robert F.","<p><b>Colonel Overmyer, Robert F.</b></p><p>Flight Hours: 290</p><p></p>",17.029386365926403
"[1959,1969]",#440154FF,70,"Fullerton, Charles G.","<p><b>US Air Force (Retired) Fullerton, Charles G.</b></p><p>Flight Hours: 382</p><p></p>",19.544820285692065
"[1959,1969]",#440154FF,71,"Crippen, Robert L.","<p><b>Captain Crippen, Robert L.</b></p><p>Flight Hours: 565</p><p></p>",23.769728648009426
"[1959,1969]",#440154FF,72,"Truly, Richard H.","<p><b>Vice Admiral Truly, Richard H.</b></p><p>Flight Hours: 199</p><p></p>",14.106735979665885
"[1959,1969]",#440154FF,73,"Bobko, Karol J.","<p><b>Colonel Bobko, Karol J.</b></p><p>Flight Hours: 386</p><p></p>",19.6468827043885
"(1969,1979]",#3B528BFF,74,"Fabian, John M.","<p><b>Colonel Fabian, John M.</b></p><p>Flight Hours: 316</p><p></p>",17.776388834631177
"(1969,1979]",#3B528BFF,75,"Scobee, Francis R.","<p><b>Major Scobee, Francis R.</b></p><p>Flight Hours: 168</p><p></p>",12.96148139681572
"(1969,1979]",#3B528BFF,76,"Griggs, S. David","<p><b> Griggs, S. David</b></p><p>Flight Hours: 167</p><p></p>",12.922847983320086
"(1969,1979]",#3B528BFF,77,"Gregory, Frederick D.","<p><b>Colonel Gregory, Frederick D.</b></p><p>Flight Hours: 455</p><p></p>",21.330729007701542
"(1969,1979]",#3B528BFF,78,"Hauck, Frederick H.","<p><b>Captain Hauck, Frederick H.</b></p><p>Flight Hours: 436</p><p></p>",20.8806130178211
"(1969,1979]",#3B528BFF,79,"Williams, Donald E.","<p><b>Captain Williams, Donald E.</b></p><p>Flight Hours: 287</p><p></p>",16.941074346097416
"(1969,1979]",#3B528BFF,80,"Stewart, Robert L.","<p><b>Brigadier General Stewart, Robert L.</b></p><p>Flight Hours: 289</p><p></p>",17
"(1969,1979]",#3B528BFF,81,"Bluford, Guion S., Jr.","<p><b>Colonel Bluford, Guion S., Jr.</b></p><p>Flight Hours: 688</p><p></p>",26.229754097208
"(1969,1979]",#3B528BFF,82,"Lucid, Shannon W.","<p><b> Lucid, Shannon W.</b></p><p>Flight Hours: 5354</p><p></p>",73.17103251970687
"(1969,1979]",#3B528BFF,83,"Brandenstein, Daniel C.","<p><b>Captain Brandenstein, Daniel C.</b></p><p>Flight Hours: 789</p><p></p>",28.089143810376278
"(1969,1979]",#3B528BFF,84,"Creighton, John O.","<p><b>Captain Creighton, John O.</b></p><p>Flight Hours: 404</p><p></p>",20.09975124224178
"(1969,1979]",#3B528BFF,85,"Thagard, Norman E.","<p><b> Thagard, Norman E.</b></p><p>Flight Hours: 3360</p><p></p>",57.96550698475775
"(1969,1979]",#3B528BFF,86,"McBride, Jon A.","<p><b>Captain McBride, Jon A.</b></p><p>Flight Hours: 197</p><p></p>",14.035668847618199
"(1969,1979]",#3B528BFF,87,"Walker, David M.","<p><b>Captain Walker, David M.</b></p><p>Flight Hours: 724</p><p></p>",26.90724809414742
"(1969,1979]",#3B528BFF,88,"Van Hoften, James D. A.","<p><b> Van Hoften, James D. A.</b></p><p>Flight Hours: 338</p><p></p>",18.384776310850235
"(1969,1979]",#3B528BFF,89,"Shriver, Loren J.","<p><b>Colonel Shriver, Loren J.</b></p><p>Flight Hours: 386</p><p></p>",19.6468827043885
"(1969,1979]",#3B528BFF,90,"Hoffman, Jeffrey A.","<p><b> Hoffman, Jeffrey A.</b></p><p>Flight Hours: 1211</p><p></p>",34.79942528261063
"(1969,1979]",#3B528BFF,91,"Shaw, Brewster H., Jr.","<p><b>Colonel Shaw, Brewster H., Jr.</b></p><p>Flight Hours: 533</p><p></p>",23.08679276123039
"(1969,1979]",#3B528BFF,92,"Buchli, James F.","<p><b>Colonel Buchli, James F.</b></p><p>Flight Hours: 490</p><p></p>",22.135943621178654
"(1969,1979]",#3B528BFF,93,"Mullane, Richard M.","<p><b>Colonel Mullane, Richard M.</b></p><p>Flight Hours: 356</p><p></p>",18.867962264113206
"(1969,1979]",#3B528BFF,94,"Coats, Michael L.","<p><b>Captain Coats, Michael L.</b></p><p>Flight Hours: 463</p><p></p>",21.517434791350013
"(1969,1979]",#3B528BFF,95,"Onizuka, Ellison S.","<p><b>Lieutenant  Colonel Onizuka, Ellison S.</b></p><p>Flight Hours: 73</p><p></p>",8.54400374531753
"(1969,1979]",#3B528BFF,96,"Covey, Richard O.","<p><b>Colonel Covey, Richard O.</b></p><p>Flight Hours: 645</p><p></p>",25.39685019840059
"(1969,1979]",#3B528BFF,97,"Hart, Terry J.","<p><b> Hart, Terry J.</b></p><p>Flight Hours: 167</p><p></p>",12.922847983320086
"(1969,1979]",#3B528BFF,98,"Nagel, Steven R.","<p><b>Colonel Nagel, Steven R.</b></p><p>Flight Hours: 723</p><p></p>",26.888659319497503
"(1969,1979]",#3B528BFF,99,"Gibson, Robert L.","<p><b>Captain Gibson, Robert L.</b></p><p>Flight Hours: 868</p><p></p>",29.46183972531247
"(1969,1979]",#3B528BFF,100,"Seddon, Margaret Rhea","<p><b> Seddon, Margaret Rhea</b></p><p>Flight Hours: 722</p><p></p>",26.870057685088806
"(1969,1979]",#3B528BFF,101,"Gardner, Dale A.","<p><b>Captain Gardner, Dale A.</b></p><p>Flight Hours: 336</p><p></p>",18.33030277982336
"(1969,1979]",#3B528BFF,102,"Resnik, Judith A.","<p><b> Resnik, Judith A.</b></p><p>Flight Hours: 144</p><p></p>",12
"(1969,1979]",#3B528BFF,103,"Fisher, Anna L.","<p><b> Fisher, Anna L.</b></p><p>Flight Hours: 191</p><p></p>",13.820274961085254
"(1969,1979]",#3B528BFF,104,"Nelson, George D.","<p><b> Nelson, George D.</b></p><p>Flight Hours: 411</p><p></p>",20.273134932713294
"(1969,1979]",#3B528BFF,105,"McNair, Ronald E.","<p><b> McNair, Ronald E.</b></p><p>Flight Hours: 191</p><p></p>",13.820274961085254
"(1969,1979]",#3B528BFF,106,"Ride, Sally K.","<p><b> Ride, Sally K.</b></p><p>Flight Hours: 343</p><p></p>",18.520259177452136
"(1969,1979]",#3B528BFF,107,"Sullivan, Kathryn D.","<p><b> Sullivan, Kathryn D.</b></p><p>Flight Hours: 532</p><p></p>",23.065125189341593
"(1969,1979]",#3B528BFF,108,"Hawley, Steven A.","<p><b> Hawley, Steven A.</b></p><p>Flight Hours: 770</p><p></p>",27.748873851023216
"(1979,1989]",#21908CFF,109,"Springer, Robert C.","<p><b>Colonel Springer, Robert C.</b></p><p>Flight Hours: 237</p><p></p>",15.394804318340652
"(1979,1989]",#21908CFF,110,"Blaha, John E.","<p><b>Colonel Blaha, John E.</b></p><p>Flight Hours: 3864</p><p></p>",62.161081071680215
"(1979,1989]",#21908CFF,111,"Bridges, Roy D., Jr.","<p><b>Major General Bridges, Roy D., Jr.</b></p><p>Flight Hours: 190</p><p></p>",13.784048752090222
"(1979,1989]",#21908CFF,112,"Spring, Sherwood C.","<p><b>Colonel Spring, Sherwood C.</b></p><p>Flight Hours: 165</p><p></p>",12.84523257866513
"(1979,1989]",#21908CFF,113,"Smith, Michael J.","<p><b>Captain Smith, Michael J.</b></p><p>Flight Hours: 0</p><p></p>",0
"(1979,1989]",#21908CFF,114,"Grabe, Ronald J.","<p><b>Colonel Grabe, Ronald J.</b></p><p>Flight Hours: 627</p><p></p>",25.03996805109783
"(1979,1989]",#21908CFF,115,"Fisher, William F.","<p><b> Fisher, William F.</b></p><p>Flight Hours: 170</p><p></p>",13.038404810405298
"(1979,1989]",#21908CFF,116,"Lounge, John M.","<p><b> Lounge, John M.</b></p><p>Flight Hours: 482</p><p></p>",21.95449840010015
"(1979,1989]",#21908CFF,117,"Bolden, Charles F., Jr.","<p><b>Brigadier General Bolden, Charles F., Jr.</b></p><p>Flight Hours: 680</p><p></p>",26.076809620810597
"(1979,1989]",#21908CFF,118,"Richards, Richard N.","<p><b>Captain Richards, Richard N.</b></p><p>Flight Hours: 813</p><p></p>",28.513154858766505
"(1979,1989]",#21908CFF,119,"O'Connor, Bryan D.","<p><b>Colonel O'Connor, Bryan D.</b></p><p>Flight Hours: 386</p><p></p>",19.6468827043885
"(1979,1989]",#21908CFF,120,"Cleave, Mary L.","<p><b> Cleave, Mary L.</b></p><p>Flight Hours: 240</p><p></p>",15.491933384829668
"(1979,1989]",#21908CFF,121,"Gardner, Guy S.","<p><b>Colonel Gardner, Guy S.</b></p><p>Flight Hours: 320</p><p></p>",17.88854381999832
"(1979,1989]",#21908CFF,122,"Ross, Jerry L.","<p><b>Colonel Ross, Jerry L.</b></p><p>Flight Hours: 1393</p><p></p>",37.322915213043046
"(1979,1989]",#21908CFF,123,"Dunbar, Bonnie J.","<p><b> Dunbar, Bonnie J.</b></p><p>Flight Hours: 1208</p><p></p>",34.75629439396553
"(1979,1989]",#21908CFF,124,"Leestma, David C.","<p><b>Captain Leestma, David C.</b></p><p>Flight Hours: 532</p><p></p>",23.065125189341593
"(1979,1989]",#21908CFF,125,"Hilmers, David C.","<p><b>Colonel Hilmers, David C.</b></p><p>Flight Hours: 494</p><p></p>",22.22611077089287
"(1979,1989]",#21908CFF,126,"Chang-Diaz, Franklin R.","<p><b> Chang-Diaz, Franklin R.</b></p><p>Flight Hours: 1601</p><p></p>",40.01249804748511
"(1979,1989]",#21908CFF,127,"Bagian, James P.","<p><b> Bagian, James P.</b></p><p>Flight Hours: 337</p><p></p>",18.35755975068582
"(1979,1989]",#21908CFF,128,"Casper, John H.","<p><b>Colonel Casper, John H.</b></p><p>Flight Hours: 825</p><p></p>",28.722813232690143
"(1979,1989]",#21908CFF,129,"McCulley, Michael J.","<p><b>Captain McCulley, Michael J.</b></p><p>Flight Hours: 119</p><p></p>",10.908712114635714
"(1979,1989]",#21908CFF,130,"Veach, Charles Lacy","<p><b> Veach, Charles Lacy</b></p><p>Flight Hours: 436</p><p></p>",20.8806130178211
"(1979,1989]",#21908CFF,131,"Adamson, James C.","<p><b>Colonel Adamson, James C.</b></p><p>Flight Hours: 334</p><p></p>",18.275666882497067
"(1979,1989]",#21908CFF,132,"Carter, Manley Lanier, Jr.","<p><b>Captain Carter, Manley Lanier, Jr.</b></p><p>Flight Hours: 120</p><p></p>",10.954451150103322
"(1979,1989]",#21908CFF,133,"Culbertson, Frank L., Jr.","<p><b>Captain Culbertson, Frank L., Jr.</b></p><p>Flight Hours: 146</p><p></p>",12.083045973594572
"(1979,1989]",#21908CFF,134,"Shepherd, William M.","<p><b>Captain Shepherd, William M.</b></p><p>Flight Hours: 3816</p><p></p>",61.773780845922005
"(1979,1989]",#21908CFF,135,"Cameron, Kenneth D.","<p><b>Colonel Cameron, Kenneth D.</b></p><p>Flight Hours: 561</p><p></p>",23.68543856465402
"(1979,1989]",#21908CFF,136,"Ivins, Marsha S.","<p><b> Ivins, Marsha S.</b></p><p>Flight Hours: 1318</p><p></p>",36.30426972134269
"(1979,1989]",#21908CFF,137,"Gutierrez, Sidney M.","<p><b>Colonel Gutierrez, Sidney M.</b></p><p>Flight Hours: 488</p><p></p>",22.090722034374522
"(1979,1989]",#21908CFF,138,"Brown, Mark N.","<p><b>Colonel Brown, Mark N.</b></p><p>Flight Hours: 249</p><p></p>",15.7797338380595
"(1979,1989]",#21908CFF,139,"Hammond, L. Blaine, Jr.","<p><b>Colonel Hammond, L. Blaine, Jr.</b></p><p>Flight Hours: 462</p><p></p>",21.494185260204677
"(1979,1989]",#21908CFF,140,"Lee, Mark C.","<p><b>Colonel Lee, Mark C.</b></p><p>Flight Hours: 789</p><p></p>",28.089143810376278
"(1979,1989]",#21908CFF,141,"Thornton, Kathryn C.","<p><b> Thornton, Kathryn C.</b></p><p>Flight Hours: 975</p><p></p>",31.22498999199199
"(1979,1989]",#21908CFF,142,"Wetherbee, James D.","<p><b>Captain Wetherbee, James D.</b></p><p>Flight Hours: 1592</p><p></p>",39.89987468652001
"(1979,1989]",#21908CFF,143,"Baker, Ellen S.","<p><b> Baker, Ellen S.</b></p><p>Flight Hours: 686</p><p></p>",26.19160170741759
"(1979,1989]",#21908CFF,144,"Low, G. David","<p><b> Low, G. David</b></p><p>Flight Hours: 714</p><p></p>",26.720778431774775
"(1979,1989]",#21908CFF,145,"Cabana, Robert D.","<p><b>Colonel Cabana, Robert D.</b></p><p>Flight Hours: 1010</p><p></p>",31.78049716414141
"(1979,1989]",#21908CFF,146,"Apt, Jerome","<p><b> Apt, Jerome</b></p><p>Flight Hours: 847</p><p></p>",29.103264421710495
"(1979,1989]",#21908CFF,147,"Meade, Carl J.","<p><b>Colonel Meade, Carl J.</b></p><p>Flight Hours: 712</p><p></p>",26.68332812825267
"(1979,1989]",#21908CFF,148,"Oswald, Stephen S.","<p><b> Oswald, Stephen S.</b></p><p>Flight Hours: 814</p><p></p>",28.53068523537421
"(1979,1989]",#21908CFF,149,"Godwin, Linda M.","<p><b> Godwin, Linda M.</b></p><p>Flight Hours: 912</p><p></p>",30.199337741083
"(1979,1989]",#21908CFF,150,"Henricks, Terence T.","<p><b>Colonel Henricks, Terence T.</b></p><p>Flight Hours: 1026</p><p></p>",32.03123475609393
"(1979,1989]",#21908CFF,151,"Thorne, Stephen D.","<p><b>Lieutenant Commander Thorne, Stephen D.</b></p><p>Flight Hours: 0</p><p></p>",0
"(1979,1989]",#21908CFF,152,"Duffy, Brian","<p><b>Colonel Duffy, Brian</b></p><p>Flight Hours: 976</p><p></p>",31.240998703626616
"(1979,1989]",#21908CFF,153,"Baker, Michael A.","<p><b>Captain Baker, Michael A.</b></p><p>Flight Hours: 965</p><p></p>",31.064449134018133
"(1979,1989]",#21908CFF,154,"Thuot, Pierre J.","<p><b>Commander Thuot, Pierre J.</b></p><p>Flight Hours: 654</p><p></p>",25.573423705088842
"(1979,1989]",#21908CFF,155,"Gemar, Charles D.","<p><b>Lieutenant Colonel Gemar, Charles D.</b></p><p>Flight Hours: 581</p><p></p>",24.1039415863879
"(1979,1989]",#21908CFF,156,"Hieb, Richard J.","<p><b> Hieb, Richard J.</b></p><p>Flight Hours: 766</p><p></p>",27.676705006196094
"(1979,1989]",#21908CFF,157,"Jernigan, Tamara E.","<p><b> Jernigan, Tamara E.</b></p><p>Flight Hours: 1512</p><p></p>",38.88444419044716
"(1979,1989]",#21908CFF,158,"Voss, James S.","<p><b>Colonel Voss, James S.</b></p><p>Flight Hours: 4848</p><p></p>",69.62758074211685
"(1979,1989]",#21908CFF,159,"Melnick, Bruce E.","<p><b>Commander Melnick, Bruce E.</b></p><p>Flight Hours: 311</p><p></p>",17.635192088548397
"(1979,1989]",#21908CFF,160,"Reightler, Kenneth S., Jr.","<p><b>Captain Reightler, Kenneth S., Jr.</b></p><p>Flight Hours: 327</p><p></p>",18.083141320025124
"(1979,1989]",#21908CFF,161,"Akers, Thomas D.","<p><b>Lieutenant Colonel Akers, Thomas D.</b></p><p>Flight Hours: 814</p><p></p>",28.53068523537421
"(1979,1989]",#21908CFF,162,"Readdy, William F.","<p><b> Readdy, William F.</b></p><p>Flight Hours: 672</p><p></p>",25.92296279363144
"(1979,1989]",#21908CFF,163,"Runco, Mario, Jr.","<p><b>Lieutenant Commander Runco, Mario, Jr.</b></p><p>Flight Hours: 551</p><p></p>",23.473389188611005
"(1979,1989]",#21908CFF,164,"McMonagle, Donald R.","<p><b>Colonel McMonagle, Donald R.</b></p><p>Flight Hours: 605</p><p></p>",24.596747752497688
"(1979,1989]",#21908CFF,165,"Davis, N. Jan","<p><b> Davis, N. Jan</b></p><p>Flight Hours: 673</p><p></p>",25.942243542145693
"(1979,1989]",#21908CFF,166,"Chilton, Kevin P.","<p><b>Brigadier General Chilton, Kevin P.</b></p><p>Flight Hours: 704</p><p></p>",26.5329983228432
"(1979,1989]",#21908CFF,167,"Allen, Andrew M.","<p><b>Lieutenant Colonel Allen, Andrew M.</b></p><p>Flight Hours: 904</p><p></p>",30.066592756745816
"(1979,1989]",#21908CFF,168,"Brown, Curtis L., Jr.","<p><b>Colonel Brown, Curtis L., Jr.</b></p><p>Flight Hours: 1381</p><p></p>",37.16180835212409
"(1979,1989]",#21908CFF,169,"Harbaugh, Gregory J.","<p><b> Harbaugh, Gregory J.</b></p><p>Flight Hours: 817</p><p></p>",28.583211855912904
"(1979,1989]",#21908CFF,170,"Jemison, Mae C.","<p><b> Jemison, Mae C.</b></p><p>Flight Hours: 190</p><p></p>",13.784048752090222
"(1979,1989]",#21908CFF,171,"Bowersox, Kenneth D.","<p><b>Captain Bowersox, Kenneth D.</b></p><p>Flight Hours: 5304</p><p></p>",72.8285658241325
"(1979,1989]",#21908CFF,172,"Foale, C. Michael","<p><b> Foale, C. Michael</b></p><p>Flight Hours: 8976</p><p></p>",94.74175425861608
"(1989,1999]",#5DC863FF,173,"Wilcutt, Terrence W.","<p><b>Colonel Wilcutt, Terrence W.</b></p><p>Flight Hours: 1007</p><p></p>",31.73326330524486
"(1989,1999]",#5DC863FF,174,"Cockrell, Kenneth D.","<p><b>US Naval Reserve Cockrell, Kenneth D.</b></p><p>Flight Hours: 1560</p><p></p>",39.496835316262995
"(1989,1999]",#5DC863FF,175,"McArthur, William S., Jr.","<p><b>Colonel McArthur, William S., Jr.</b></p><p>Flight Hours: 5398</p><p></p>",73.47108274688756
"(1989,1999]",#5DC863FF,176,"Clifford, Michael R.","<p><b>Lieutenant Colonel Clifford, Michael R.</b></p><p>Flight Hours: 665</p><p></p>",25.787593916455254
"(1989,1999]",#5DC863FF,177,"Sega, Ronald M.","<p><b>Colonel Sega, Ronald M.</b></p><p>Flight Hours: 420</p><p></p>",20.493901531919196
"(1989,1999]",#5DC863FF,178,"Jones, Thomas D.","<p><b> Jones, Thomas D.</b></p><p>Flight Hours: 1272</p><p></p>",35.66510900025401
"(1989,1999]",#5DC863FF,179,"Thomas, Donald A.","<p><b> Thomas, Donald A.</b></p><p>Flight Hours: 1040</p><p></p>",32.2490309931942
"(1989,1999]",#5DC863FF,180,"Precourt, Charles J., Jr.","<p><b>Colonel Precourt, Charles J., Jr.</b></p><p>Flight Hours: 932</p><p></p>",30.528675044947494
"(1989,1999]",#5DC863FF,181,"Walz, Carl E.","<p><b>Colonel Walz, Carl E.</b></p><p>Flight Hours: 5544</p><p></p>",74.45804187594514
"(1989,1999]",#5DC863FF,182,"Searfoss, Richard A.","<p><b>Colonel Searfoss, Richard A.</b></p><p>Flight Hours: 938</p><p></p>",30.62678566222711
"(1989,1999]",#5DC863FF,183,"Harris, Bernard A., Jr.","<p><b> Harris, Bernard A., Jr.</b></p><p>Flight Hours: 438</p><p></p>",20.92844953645635
"(1989,1999]",#5DC863FF,184,"Wolf, David A.","<p><b> Wolf, David A.</b></p><p>Flight Hours: 3432</p><p></p>",58.58327406350724
"(1989,1999]",#5DC863FF,185,"Halsell, James D., Jr.","<p><b>Colonel Halsell, James D., Jr.</b></p><p>Flight Hours: 1250</p><p></p>",35.35533905932738
"(1989,1999]",#5DC863FF,186,"Voss, Janice E.","<p><b> Voss, Janice E.</b></p><p>Flight Hours: 1176</p><p></p>",34.292856398964496
"(1989,1999]",#5DC863FF,187,"Newman, James H.","<p><b> Newman, James H.</b></p><p>Flight Hours: 1032</p><p></p>",32.12475680841802
"(1989,1999]",#5DC863FF,188,"Gregory, William G.","<p><b>Lieutenant Colonel Gregory, William G.</b></p><p>Flight Hours: 399</p><p></p>",19.974984355438178
"(1989,1999]",#5DC863FF,189,"Bursch, Daniel W.","<p><b>Captain Bursch, Daniel W.</b></p><p>Flight Hours: 5448</p><p></p>",73.81056834898374
"(1989,1999]",#5DC863FF,190,"Helms, Susan J.","<p><b>Colonel Helms, Susan J.</b></p><p>Flight Hours: 5064</p><p></p>",71.16178749862878
"(1989,1999]",#5DC863FF,191,"Ochoa, Ellen","<p><b> Ochoa, Ellen</b></p><p>Flight Hours: 978</p><p></p>",31.272991542223778
"(1989,1999]",#5DC863FF,192,"Wisoff, Peter J. K.","<p><b> Wisoff, Peter J. K.</b></p><p>Flight Hours: 1063</p><p></p>",32.60368077380221
"(1989,1999]",#5DC863FF,193,"Currie, Nancy J.","<p><b>Lieutenant Colonel Currie, Nancy J.</b></p><p>Flight Hours: 999</p><p></p>",31.606961258558215
"(1989,1999]",#5DC863FF,194,"Collins, Eileen M.","<p><b>Colonel Collins, Eileen M.</b></p><p>Flight Hours: 872</p><p></p>",29.5296461204668
"(1989,1999]",#5DC863FF,195,"Chiao, Leroy","<p><b> Chiao, Leroy</b></p><p>Flight Hours: 5503</p><p></p>",74.18220810949214
"(1989,1999]",#5DC863FF,196,"Tanner, Joseph R.","<p><b> Tanner, Joseph R.</b></p><p>Flight Hours: 1069</p><p></p>",32.69556544854363
"(1989,1999]",#5DC863FF,197,"Scott, Winston E.","<p><b>Captain Scott, Winston E.</b></p><p>Flight Hours: 590</p><p></p>",24.289915602982237
"(1989,1999]",#5DC863FF,198,"Brady, Charles E., Jr.","<p><b>Captain Brady, Charles E., Jr.</b></p><p>Flight Hours: 405</p><p></p>",20.12461179749811
"(1989,1999]",#5DC863FF,199,"Thomas, Andrew S. W.","<p><b> Thomas, Andrew S. W.</b></p><p>Flight Hours: 4248</p><p></p>",65.1766829472013
"(1989,1999]",#5DC863FF,200,"Barry, Daniel T.","<p><b> Barry, Daniel T.</b></p><p>Flight Hours: 734</p><p></p>",27.09243436828813
"(1989,1999]",#5DC863FF,201,"Linenger, Jerry M.","<p><b>Captain Linenger, Jerry M.</b></p><p>Flight Hours: 3435</p><p></p>",58.60887304837041
"(1989,1999]",#5DC863FF,202,"Gernhardt, Michael L.","<p><b> Gernhardt, Michael L.</b></p><p>Flight Hours: 1032</p><p></p>",32.12475680841802
"(1989,1999]",#5DC863FF,203,"Rominger, Kent V.","<p><b>Captain Rominger, Kent V.</b></p><p>Flight Hours: 1608</p><p></p>",40.099875311526844
"(1989,1999]",#5DC863FF,204,Kregel Kevin R.,<p><b> Kregel Kevin R.</b></p><p>Flight Hours: 1265</p><p></p>,35.566838487557476
"(1989,1999]",#5DC863FF,205,"Horowitz, Scott J.","<p><b>Colonel Horowitz, Scott J.</b></p><p>Flight Hours: 1138</p><p></p>",33.734255586866
"(1989,1999]",#5DC863FF,206,"Linnehan, Richard M.","<p><b> Linnehan, Richard M.</b></p><p>Flight Hours: 1392</p><p></p>",37.30951621235526
"(1989,1999]",#5DC863FF,207,"Lopez-Alegria, Michael E.","<p><b>Captain Lopez-Alegria, Michael E.</b></p><p>Flight Hours: 6168</p><p></p>",78.53661566428744
"(1989,1999]",#5DC863FF,208,"Jett, Brent W.","<p><b>Captain Jett, Brent W.</b></p><p>Flight Hours: 960</p><p></p>",30.983866769659336
"(1989,1999]",#5DC863FF,209,"Grunsfeld, John M.","<p><b> Grunsfeld, John M.</b></p><p>Flight Hours: 1392</p><p></p>",37.30951621235526
"(1989,1999]",#5DC863FF,210,"Smith, Steven L.","<p><b> Smith, Steven L.</b></p><p>Flight Hours: 959</p><p></p>",30.967725134404045
"(1989,1999]",#5DC863FF,211,"Lawrence, Wendy B.","<p><b>Captain Lawrence, Wendy B.</b></p><p>Flight Hours: 1225</p><p></p>",35
"(1989,1999]",#5DC863FF,212,"Coleman, Catherine G.","<p><b>Lieutenant Colonel Coleman, Catherine G.</b></p><p>Flight Hours: 500</p><p></p>",22.360679774997898
"(1989,1999]",#5DC863FF,213,"Parazynski, Scott E.","<p><b> Parazynski, Scott E.</b></p><p>Flight Hours: 1318</p><p></p>",36.30426972134269
"(1989,1999]",#5DC863FF,214,"Weber, Mary E.","<p><b> Weber, Mary E.</b></p><p>Flight Hours: 450</p><p></p>",21.213203435596427
"(1989,1999]",#5DC863FF,215,"Reilly, James F.","<p><b>US Naval Reserve Reilly, James F.</b></p><p>Flight Hours: 853</p><p></p>",29.206163733020468
"(1989,1999]",#5DC863FF,216,"Ashby, Jeffrey S.","<p><b>Captain Ashby, Jeffrey S.</b></p><p>Flight Hours: 660</p><p></p>",25.69046515733026
"(1989,1999]",#5DC863FF,217,"Robinson, Stephen K.","<p><b> Robinson, Stephen K.</b></p><p>Flight Hours: 1156</p><p></p>",34
"(1989,1999]",#5DC863FF,218,"Gorie, Dominic L.","<p><b>Captain Gorie, Dominic L.</b></p><p>Flight Hours: 128</p><p></p>",11.313708498984761
"(1989,1999]",#5DC863FF,219,"Husband, Rick D.","<p><b>Colonel Husband, Rick D.</b></p><p>Flight Hours: 617</p><p></p>",24.839484696748443
"(1989,1999]",#5DC863FF,220,"Edwards, Joe F., Jr.","<p><b>Commander Edwards, Joe F., Jr.</b></p><p>Flight Hours: 211</p><p></p>",14.52583904633395
"(1989,1999]",#5DC863FF,221,"Bloomfield, Michael J.","<p><b>Colonel Bloomfield, Michael J.</b></p><p>Flight Hours: 753</p><p></p>",27.440845468024488
"(1989,1999]",#5DC863FF,222,"Kavandi, Janet L.","<p><b> Kavandi, Janet L.</b></p><p>Flight Hours: 792</p><p></p>",28.142494558940577
"(1989,1999]",#5DC863FF,223,"Altman, Scott D.","<p><b>Captain Altman, Scott D.</b></p><p>Flight Hours: 1224</p><p></p>",34.9857113690718
"(1989,1999]",#5DC863FF,224,"Hire, Kathryn P.","<p><b>Captain Hire, Kathryn P.</b></p><p>Flight Hours: 711</p><p></p>",26.664583251946766
"(1989,1999]",#5DC863FF,225,"Noriega, Carlos I.","<p><b>Lieutenant Colonel Noriega, Carlos I.</b></p><p>Flight Hours: 481</p><p></p>",21.93171219946131
"(1989,1999]",#5DC863FF,226,"Anderson, Michael P.","<p><b>Lieutenant Colonel Anderson, Michael P.</b></p><p>Flight Hours: 593</p><p></p>",24.351591323771842
"(1989,1999]",#5DC863FF,227,"Lindsey, Steven W.","<p><b>Colonel Lindsey, Steven W.</b></p><p>Flight Hours: 1510</p><p></p>",38.8587184554509
"(1989,1999]",#5DC863FF,228,"Chawla, Kalpana","<p><b> Chawla, Kalpana</b></p><p>Flight Hours: 758</p><p></p>",27.53179979587241
"(1989,1999]",#5DC863FF,229,"Sturckow, Frederick W.","<p><b>Lieutenant Colonel Sturckow, Frederick W.</b></p><p>Flight Hours: 1200</p><p></p>",34.64101615137755
"(1989,1999]",#5DC863FF,230,"Melroy, Pamela A.","<p><b>Colonel Melroy, Pamela A.</b></p><p>Flight Hours: 924</p><p></p>",30.397368307141328
"(1989,1999]",#5DC863FF,231,"Kilrain, Susan L.","<p><b>Commander Kilrain, Susan L.</b></p><p>Flight Hours: 471</p><p></p>",21.702534414210707
"(1989,1999]",#5DC863FF,232,"Curbeam, Robert L., Jr.","<p><b>Commander US Navy Curbeam, Robert L., Jr.</b></p><p>Flight Hours: 901</p><p></p>",30.01666203960727
"(1989,1999]",#5DC863FF,233,"Lu, Edward T.","<p><b> Lu, Edward T.</b></p><p>Flight Hours: 4944</p><p></p>",70.31358332498779
"(1989,1999]",#5DC863FF,234,"Phillips, John L.","<p><b>US Naval Reserve Phillips, John L.</b></p><p>Flight Hours: 4872</p><p></p>",69.79971346646059
"(1989,1999]",#5DC863FF,235,"Camarda, Charles J.","<p><b> Camarda, Charles J.</b></p><p>Flight Hours: 333</p><p></p>",18.24828759089466
"(1989,1999]",#5DC863FF,236,"Morin, Lee M.","<p><b>Captain Morin, Lee M.</b></p><p>Flight Hours: 259</p><p></p>",16.09347693943108
"(1989,1999]",#5DC863FF,237,"Sellers, Piers J.","<p><b> Sellers, Piers J.</b></p><p>Flight Hours: 839</p><p></p>",28.965496715920477
"(1989,1999]",#5DC863FF,238,"Pettit, Donald R.","<p><b> Pettit, Donald R.</b></p><p>Flight Hours: 4224</p><p></p>",64.99230723708769
"(1989,1999]",#5DC863FF,239,"Brown, David M.","<p><b>Captain Brown, David M.</b></p><p>Flight Hours: 382</p><p></p>",19.544820285692065
"(1989,1999]",#5DC863FF,240,"Lockhart, Paul S.","<p><b>Lieutenant Colonel Lockhart, Paul S.</b></p><p>Flight Hours: 624</p><p></p>",24.979991993593593
"(1989,1999]",#5DC863FF,241,"Polansky, Mark L.","<p><b> Polansky, Mark L.</b></p><p>Flight Hours: 993</p><p></p>",31.51190251317746
"(1989,1999]",#5DC863FF,242,"Forrester, Patrick G.","<p><b>Colonel Forrester, Patrick G.</b></p><p>Flight Hours: 950</p><p></p>",30.822070014844883
"(1989,1999]",#5DC863FF,243,"Carey, Duane G.","<p><b>Lieutenant Colonel Carey, Duane G.</b></p><p>Flight Hours: 240</p><p></p>",15.491933384829668
"(1989,1999]",#5DC863FF,244,"Williams, Jeffrey N.","<p><b>Colonel Williams, Jeffrey N.</b></p><p>Flight Hours: 8688</p><p></p>",93.20944158184835
"(1989,1999]",#5DC863FF,245,"Caldeiro, Fernando (Frank)","<p><b> Caldeiro, Fernando (Frank)</b></p><p>Flight Hours: 0</p><p></p>",0
"(1989,1999]",#5DC863FF,246,"Herrington, John B.","<p><b>Commander Herrington, John B.</b></p><p>Flight Hours: 330</p><p></p>",18.16590212458495
"(1989,1999]",#5DC863FF,247,"Cagle, Yvonne D.","<p><b>Colonel Cagle, Yvonne D.</b></p><p>Flight Hours: 0</p><p></p>",0
"(1989,1999]",#5DC863FF,248,"Whitson, Peggy A.","<p><b> Whitson, Peggy A.</b></p><p>Flight Hours: 9048</p><p></p>",95.12097560475291
"(1989,1999]",#5DC863FF,249,"Mastracchio, Richard A.","<p><b> Mastracchio, Richard A.</b></p><p>Flight Hours: 960</p><p></p>",30.983866769659336
"(1989,1999]",#5DC863FF,250,"Loria, Christopher J.","<p><b>Lieutenant Colonel Loria, Christopher J.</b></p><p>Flight Hours: 0</p><p></p>",0
"(1989,1999]",#5DC863FF,251,"Tani, Daniel M.","<p><b> Tani, Daniel M.</b></p><p>Flight Hours: 318</p><p></p>",17.832554500127006
"(1989,1999]",#5DC863FF,252,"Clark, Laurel B.","<p><b>Commander Clark, Laurel B.</b></p><p>Flight Hours: 382</p><p></p>",19.544820285692065
"(1989,1999]",#5DC863FF,253,"Burbank, Daniel C.","<p><b>Commander Burbank, Daniel C.</b></p><p>Flight Hours: 552</p><p></p>",23.49468024894146
"(1989,1999]",#5DC863FF,254,"McCool, William C.","<p><b>Commander McCool, William C.</b></p><p>Flight Hours: 382</p><p></p>",19.544820285692065
"(1989,1999]",#5DC863FF,255,"Frick, Stephen N.","<p><b>Commander Frick, Stephen N.</b></p><p>Flight Hours: 565</p><p></p>",23.769728648009426
"(1989,1999]",#5DC863FF,256,"Hobaugh, Charles O.","<p><b>Lieutenant Colonel Hobaugh, Charles O.</b></p><p>Flight Hours: 876</p><p></p>",29.597297173897484
"(1989,1999]",#5DC863FF,257,"Massimino, Michael J.","<p><b> Massimino, Michael J.</b></p><p>Flight Hours: 571</p><p></p>",23.895606290697042
"(1989,1999]",#5DC863FF,258,"Walheim, Rex J.","<p><b>Lieutenant Colonel Walheim, Rex J.</b></p><p>Flight Hours: 565</p><p></p>",23.769728648009426
"(1989,1999]",#5DC863FF,259,"Stefanyshyn-Piper, Heidemarie M.","<p><b>Commander Stefanyshyn-Piper, Heidemarie M.</b></p><p>Flight Hours: 648</p><p></p>",25.45584412271571
"(1989,1999]",#5DC863FF,260,"Nowak, Lisa M.","<p><b>Commander Nowak, Lisa M.</b></p><p>Flight Hours: 306</p><p></p>",17.4928556845359
"(1989,1999]",#5DC863FF,261,"Kelly, Mark E.","<p><b>Commander Kelly, Mark E.</b></p><p>Flight Hours: 912</p><p></p>",30.199337741083
"(1989,1999]",#5DC863FF,262,"Kelly, Scott J.","<p><b>Commander Kelly, Scott J.</b></p><p>Flight Hours: 4320</p><p></p>",65.72670690061993
"(1989,1999]",#5DC863FF,263,"Kelly, James M.","<p><b>Lieutenant Colonel Kelly, James M.</b></p><p>Flight Hours: 641</p><p></p>",25.317977802344327
"(1989,1999]",#5DC863FF,264,"Richards, Paul W.","<p><b> Richards, Paul W.</b></p><p>Flight Hours: 307</p><p></p>",17.52141546793523
"(1989,1999]",#5DC863FF,265,"Higginbotham, Joan E.","<p><b> Higginbotham, Joan E.</b></p><p>Flight Hours: 308</p><p></p>",17.549928774784245
"(1989,1999]",#5DC863FF,266,"Magnus, Sandra H.","<p><b> Magnus, Sandra H.</b></p><p>Flight Hours: NA</p><p></p>",0
"(1989,1999]",#5DC863FF,267,"Wilson, Stephanie D.","<p><b> Wilson, Stephanie D.</b></p><p>Flight Hours: 1008</p><p></p>",31.74901573277509
"(1989,1999]",#5DC863FF,268,"Fincke, E. Michael","<p><b>Lieutenant Colonel Fincke, E. Michael</b></p><p>Flight Hours: 9159</p><p></p>",95.702664539708607
"(1989,1999]",#5DC863FF,269,"Morgan, Barbara R.","<p><b> Morgan, Barbara R.</b></p><p>Flight Hours: 305</p><p></p>",17.46424919657298
"(1989,1999]",#5DC863FF,270,"Johnson, Gregory C.","<p><b>US naval Reserve Johnson, Gregory C.</b></p><p>Flight Hours: 309</p><p></p>",17.578395831246947
"(1989,1999]",#5DC863FF,271,"Foreman, Michael J.","<p><b>Captain Foreman, Michael J.</b></p><p>Flight Hours: 637</p><p></p>",25.238858928247925
"(1989,1999]",#5DC863FF,272,"Fossum, Michael E.","<p><b>US Naval Reserve Fossum, Michael E.</b></p><p>Flight Hours: 636</p><p></p>",25.219040425836983
"(1989,1999]",#5DC863FF,273,"Anderson, Clayton C.","<p><b> Anderson, Clayton C.</b></p><p>Flight Hours: 4046</p><p></p>",63.608175575157006
"(1989,1999]",#5DC863FF,274,"Creamer, Timothy J.","<p><b>Lieutenant Colonel Creamer, Timothy J.</b></p><p>Flight Hours: 3912</p><p></p>",62.545983084447556
"(1989,1999]",#5DC863FF,275,"Wheelock, Douglas H.","<p><b>Lieutenant Commander Wheelock, Douglas H.</b></p><p>Flight Hours: 4272</p><p></p>",65.36053855347276
"(1989,1999]",#5DC863FF,276,"Archambault, Lee J.","<p><b>Lieutenant Colonel Archambault, Lee J.</b></p><p>Flight Hours: 648</p><p></p>",25.45584412271571
"(1989,1999]",#5DC863FF,277,"Swanson, Steven R.","<p><b> Swanson, Steven R.</b></p><p>Flight Hours: 643</p><p></p>",25.357444666211933
"(1989,1999]",#5DC863FF,278,"Ferguson, Christopher J.","<p><b>Commander Ferguson, Christopher J.</b></p><p>Flight Hours: 672</p><p></p>",25.92296279363144
"(1989,1999]",#5DC863FF,279,"Poindexter, Alan G.","<p><b>Commander Poindexter, Alan G.</b></p><p>Flight Hours: 669</p><p></p>",25.865034312755125
"(1989,1999]",#5DC863FF,280,"Johnson, Gregory H.","<p><b>Lieutenant Colonel Johnson, Gregory H.</b></p><p>Flight Hours: 378</p><p></p>",19.44222209522358
"(1989,1999]",#5DC863FF,281,"Zamka, George D.","<p><b>Lieutenant Colonel Zamka, George D.</b></p><p>Flight Hours: 692</p><p></p>",26.30589287593181
"(1989,1999]",#5DC863FF,282,"Woodward, Neil W., III","<p><b>Commander Woodward, Neil W., III</b></p><p>Flight Hours: 0</p><p></p>",0
"(1989,1999]",#5DC863FF,283,"Chamitoff, Gregory E.","<p><b> Chamitoff, Gregory E.</b></p><p>Flight Hours: NA</p><p></p>",0
"(1989,1999]",#5DC863FF,284,"Robertson, Patricia Hilliard","<p><b> Robertson, Patricia Hilliard</b></p><p>Flight Hours: 0</p><p></p>",0
"(1989,1999]",#5DC863FF,285,"Melvin, Leland D.","<p><b> Melvin, Leland D.</b></p><p>Flight Hours: 565</p><p></p>",23.769728648009426
"(1989,1999]",#5DC863FF,286,"Patrick, Nicholas J. M.","<p><b> Patrick, Nicholas J. M.</b></p><p>Flight Hours: 638</p><p></p>",25.25866188063018
"(1989,1999]",#5DC863FF,287,"Ham, Kenneth T.","<p><b>Commander Ham, Kenneth T.</b></p><p>Flight Hours: 612</p><p></p>",24.73863375370596
"(1989,1999]",#5DC863FF,288,"Oefelein, William A.","<p><b>Commander Oefelein, William A.</b></p><p>Flight Hours: 308</p><p></p>",17.549928774784245
"(1989,1999]",#5DC863FF,289,"Love, Stanley G.","<p><b> Love, Stanley G.</b></p><p>Flight Hours: 306</p><p></p>",17.4928556845359
"(1989,1999]",#5DC863FF,290,"Williams, Sunita L.","<p><b>Commander Williams, Sunita L.</b></p><p>Flight Hours: 4680</p><p></p>",68.41052550594829
"(1989,1999]",#5DC863FF,291,"Olivas, John D.","<p><b> Olivas, John D.</b></p><p>Flight Hours: 668</p><p></p>",25.84569596664017
"(1989,1999]",#5DC863FF,292,"Reisman, Garrett E.","<p><b> Reisman, Garrett E.</b></p><p>Flight Hours: 2473</p><p></p>",49.72926703662542
"(1989,1999]",#5DC863FF,293,"Caldwell, Tracy E.","<p><b> Caldwell, Tracy E.</b></p><p>Flight Hours: 4529</p><p></p>",67.29784543356496
"(1999,2009]",#FDE725FF,294,"Barratt, Michael R.","<p><b> Barratt, Michael R.</b></p><p>Flight Hours: 5085</p><p></p>",71.30918594402827
"(1999,2009]",#FDE725FF,295,"Ford, Kevin A.","<p><b>Lieutenant Colonel Ford, Kevin A.</b></p><p>Flight Hours: 333</p><p></p>",18.24828759089466
"(1999,2009]",#FDE725FF,296,"Garan, Ronald J., Jr.","<p><b>Lieutenant Colonel Garan, Ronald J., Jr.</b></p><p>Flight Hours: 330</p><p></p>",18.16590212458495
"(1999,2009]",#FDE725FF,297,"Good, Michael T.","<p><b>Lieutenant Colonel Good, Michael T.</b></p><p>Flight Hours: 600</p><p></p>",24.49489742783178
"(1999,2009]",#FDE725FF,298,"Drew, Alvin B.","<p><b>Lieutenant Colonel Drew, Alvin B.</b></p><p>Flight Hours: 612</p><p></p>",24.73863375370596
"(1999,2009]",#FDE725FF,299,"Stott, Nicole P.","<p><b> Stott, Nicole P.</b></p><p>Flight Hours: 2491</p><p></p>",49.90991885387112
"(1999,2009]",#FDE725FF,300,"Wilmore, Barry E.","<p><b>Commander Wilmore, Barry E.</b></p><p>Flight Hours: 259</p><p></p>",16.09347693943108
"(1999,2009]",#FDE725FF,301,"Kopra, Timothy L.","<p><b>Lieutenant Colonel Kopra, Timothy L.</b></p><p>Flight Hours: 1464</p><p></p>",38.262252939417984
"(1999,2009]",#FDE725FF,302,"Bowen, Stephen G.","<p><b>Commander Bowen, Stephen G.</b></p><p>Flight Hours: 970</p><p></p>",31.144823004794873
"(1999,2009]",#FDE725FF,303,"Boe, Eric A.","<p><b>Lieutenant Colonel Boe, Eric A.</b></p><p>Flight Hours: 672</p><p></p>",25.92296279363144
"(1999,2009]",#FDE725FF,304,"Feustel, Andrew J.","<p><b> Feustel, Andrew J.</b></p><p>Flight Hours: 687</p><p></p>",26.210684844162312
"(1999,2009]",#FDE725FF,305,"Hurley, Douglas G.","<p><b>Lieutenant Colonel Hurley, Douglas G.</b></p><p>Flight Hours: 376</p><p></p>",19.390719429665317
"(1999,2009]",#FDE725FF,306,"Antonelli, Dominic A.","<p><b>Lieutenant Commander Antonelli, Dominic A.</b></p><p>Flight Hours: 579</p><p></p>",24.06241883103193
"(1999,2009]",#FDE725FF,307,"Virts, Terry W., Jr.","<p><b>2nd Lieutenant Virts, Terry W., Jr.</b></p><p>Flight Hours: 330</p><p></p>",18.16590212458495
"(1999,2009]",#FDE725FF,308,"Nyberg, Karen L.","<p><b> Nyberg, Karen L.</b></p><p>Flight Hours: 330</p><p></p>",18.16590212458495
"(1999,2009]",#FDE725FF,309,"Behnken, Robert L.","<p><b>Major Behnken, Robert L.</b></p><p>Flight Hours: 708</p><p></p>",26.60826939130014
"(1999,2009]",#FDE725FF,310,"McArthur, K. Megan","<p><b> McArthur, K. Megan</b></p><p>Flight Hours: 309</p><p></p>",17.578395831246947
"(1999,2009]",#FDE725FF,311,"Marshburn, Thomas H.","<p><b>Major Marshburn, Thomas H.</b></p><p>Flight Hours: 376</p><p></p>",19.390719429665317
"(1999,2009]",#FDE725FF,312,"Hernandez, Jose M.","<p><b> Hernandez, Jose M.</b></p><p>Flight Hours: 332</p><p></p>",18.2208671582886
"(1999,2009]",#FDE725FF,313,"Arnold, Richard R., II","<p><b> Arnold, Richard R., II</b></p><p>Flight Hours: 307</p><p></p>",17.52141546793523
"(1999,2009]",#FDE725FF,314,"Walker, Shannon","<p><b> Walker, Shannon</b></p><p>Flight Hours: NA</p><p></p>",0
"(1999,2009]",#FDE725FF,315,"Satcher, Robert L.","<p><b> Satcher, Robert L.</b></p><p>Flight Hours: 259</p><p></p>",16.09347693943108
"(1999,2009]",#FDE725FF,316,"Acaba, Joseph M.","<p><b> Acaba, Joseph M.</b></p><p>Flight Hours: 307</p><p></p>",17.52141546793523
"(1999,2009]",#FDE725FF,317,"Kimbrough, Robert S.","<p><b>Major Kimbrough, Robert S.</b></p><p>Flight Hours: 380</p><p></p>",19.493588689617926
"(1999,2009]",#FDE725FF,318,"Bresnik, Randolph J.","<p><b>Major Bresnik, Randolph J.</b></p><p>Flight Hours: 259</p><p></p>",16.09347693943108
"(1999,2009]",#FDE725FF,319,"Dutton, James P.","<p><b>Major Dutton, James P.</b></p><p>Flight Hours: 362</p><p></p>",19.026297590440446
"(1999,2009]",#FDE725FF,320,"Cassidy, Christopher J.","<p><b>Lieutenant Commander Cassidy, Christopher J.</b></p><p>Flight Hours: 376</p><p></p>",19.390719429665317
"(1999,2009]",#FDE725FF,321,"Metcalf-Lindenburger, Dorothy M.","<p><b> Metcalf-Lindenburger, Dorothy M.</b></p><p>Flight Hours: 362</p><p></p>",19.026297590440446
"(1999,2009]",#FDE725FF,322,"Tingle, Scott D.","<p><b>Naval Officer Tingle, Scott D.</b></p><p>Flight Hours: 0</p><p></p>",0
"(1999,2009]",#FDE725FF,323,"Vande Hei, Mark T.","<p><b>2nd Lieutenant Vande Hei, Mark T.</b></p><p>Flight Hours: 0</p><p></p>",0
"(1999,2009]",#FDE725FF,324,"Hopkins, Michael S.","<p><b>2nd Lieutenant US Air Force Hopkins, Michael S.</b></p><p>Flight Hours: 0</p><p></p>",0
"(1999,2009]",#FDE725FF,325,"Saint-Jacques, David","<p><b> Saint-Jacques, David</b></p><p>Flight Hours: 0</p><p></p>",0
"(1999,2009]",#FDE725FF,326,"Epps, Jeanette J.","<p><b> Epps, Jeanette J.</b></p><p>Flight Hours: 0</p><p></p>",0
"(1999,2009]",#FDE725FF,327,"Lindgren, Kjell N.","<p><b>US Air Force Lindgren, Kjell N.</b></p><p>Flight Hours: 0</p><p></p>",0
"(1999,2009]",#FDE725FF,328,"Fischer, Jack D.","<p><b>US Air Force Fischer, Jack D.</b></p><p>Flight Hours: 0</p><p></p>",0
"(1999,2009]",#FDE725FF,329,"Wiseman, Gregory R.","<p><b> Wiseman, Gregory R.</b></p><p>Flight Hours: 0</p><p></p>",0
"(1999,2009]",#FDE725FF,330,"Hansen, Jeremy","<p><b> Hansen, Jeremy</b></p><p>Flight Hours: 0</p><p></p>",0
"(1999,2009]",#FDE725FF,331,"Aunon, Serena M.","<p><b> Aunon, Serena M.</b></p><p>Flight Hours: 0</p><p></p>",0
"(1999,2009]",#FDE725FF,332,"Rubins, Kathleen","<p><b> Rubins, Kathleen</b></p><p>Flight Hours: 0</p><p></p>",0
"(1999,2009]",#FDE725FF,333,"Kanai, Norishige","<p><b> Kanai, Norishige</b></p><p>Flight Hours: 0</p><p></p>",0
"(1999,2009]",#FDE725FF,334,"Onishi, Tayuka","<p><b> Onishi, Tayuka</b></p><p>Flight Hours: 0</p><p></p>",0
"(1999,2009]",#FDE725FF,335,"Yui, Kimiya","<p><b> Yui, Kimiya</b></p><p>Flight Hours: NA</p><p></p>",0
